Ticker,Latest Price ($),Daily Return,Volatility,Predicted Prob Up (%),Accuracy (%),Precision (%),Recall (%),F1 Score (%),RSI_14,Top Features
TSLA,384.94000244140625,0.010739126355111539,0.019902535264862322,96.621173620224,18.681318681318682,10.9375,29.166666666666668,15.909090909090908,38.74356392302815,"Volatility_30, Return_5d, RSI_14"
NVDA,175.6750030517578,0.00019929208740054882,0.020154193157118187,88.21947574615479,64.83516483516483,37.2093023255814,76.19047619047619,50.0,39.84839217975886,"RSI_14, Momentum_20, Z_Score_20"
HSBA.L,1181.4000244140625,-0.0013524730227705284,0.027389164634045247,87.66205310821533,57.608695652173914,27.77777777777778,16.129032258064516,20.408163265306122,32.55075871823054,"Momentum_20, Trend_MA50, Return_5d"
REL.L,2430.0,-0.012596505485575005,0.03060575785442724,77.410227060318,71.73913043478261,41.17647058823529,30.434782608695656,35.0,35.79676674364896,"Return_10d, Z_Score_20, RSI_14"
NFLX,91.63500213623047,-0.018687033288851684,0.03289778776023009,66.8378472328186,32.967032967032964,12.5,61.53846153846154,20.77922077922078,24.919633853963234,"Volatility_30, Momentum_20, Trend_MA50"
ULVR.L,4528.0,-0.0015435501653803252,0.01466286188031448,62.95080780982971,70.65217391304348,0.0,0.0,0.0,10.551075268817215,"RSI_14, Momentum_20, Volatility_30"
INTC,44.23500061035156,0.005112526639390325,0.03341815631605325,61.03388071060181,59.34065934065934,47.82608695652174,30.555555555555557,37.28813559322034,46.09352044513285,"Z_Score_20, Trend_MA50, Volatility_30"
MSFT,374.340087890625,-0.02261073657800261,0.013575979942197433,58.56252312660217,65.93406593406593,27.27272727272727,56.25,36.734693877551024,21.309090248782525,"Volatility_30, Trend_MA50, Volume_MA_Ratio"
AMD,206.05630493164062,0.016658340131580296,0.029487693255910698,49.491435289382935,42.857142857142854,31.57894736842105,58.06451612903226,40.909090909090914,53.65270716934279,"Momentum_20, Trend_MA50, Z_Score_20"
RIO.L,6481.0,0.01662745098039209,0.022841585802323136,45.40252983570099,54.347826086956516,30.0,7.894736842105263,12.5,31.093333333333334,"Trend_MA50, Momentum_20, Volatility_30"
AAPL,253.07000732421875,0.006282563110038275,0.016463486005075988,44.12882328033447,64.83516483516483,33.33333333333333,60.0,42.857142857142854,36.33209715136711,"Trend_MA50, Return_5d, Volatility_30"
AZN.L,13810.0,0.0049483335758986335,0.01536772967374657,41.89940690994263,78.26086956521739,80.0,17.391304347826086,28.57142857142857,17.163412127440907,"Momentum_20, Volatility_30, RSI_14"
GSK.L,1977.0,0.02065049044914824,0.012887805992963285,31.379956007003784,71.73913043478261,33.33333333333333,13.043478260869565,18.75,24.817518248175176,"RSI_14, Momentum_20, Z_Score_20"
TSCO.L,458.5,0.012811989477738983,0.014731264664156777,22.37623482942581,68.47826086956522,37.5,11.11111111111111,17.142857142857142,39.7687790710802,"Trend_MA50, RSI_14, Z_Score_20"
AMZN,207.72999572753906,-0.011468562239979163,0.016594881253683354,20.09367197751999,62.637362637362635,38.88888888888889,53.84615384615385,45.16129032258064,38.68557130815728,"RSI_14, Z_Score_20, Volatility_30"
LSEG.L,8474.0,0.0045045045045044585,0.023030366246580485,12.063182890415192,68.47826086956522,42.10526315789473,30.76923076923077,35.55555555555556,43.60385144429161,"Volatility_30, Z_Score_20, Trend_MA50"
GOOGL,292.94000244140625,-0.03019266103059015,0.0150189885326038,11.364410817623138,74.72527472527473,61.53846153846154,30.76923076923077,41.02564102564102,39.79981231258751,"Momentum_20, Trend_MA50, Volume_MA_Ratio"
BP.L,557.5,0.035091023525393394,0.0235832762060535,10.520759224891663,57.608695652173914,33.33333333333333,11.428571428571429,17.02127659574468,70.45880333818077,"Trend_MA50, Return_10d, Volatility_30"
META,595.77001953125,-0.013723765951807798,0.016284816145499096,10.339082777500153,67.41573033707866,41.66666666666667,65.21739130434783,50.847457627118644,24.34399388603869,"Momentum_20, Return_10d, Return_5d"
SHEL.L,3460.0,0.031450290654345014,0.01372541063823461,6.145030632615089,63.04347826086957,33.33333333333333,9.67741935483871,15.0,78.79448075526507,"Z_Score_20, Return_10d, Volatility_30"
